Vendor Number,Vendor Name
255,Wilson Daniels Ltd.
130,Disaronno International LLC
65,Jim Beam Brands
962,Duggan's Distillers Products Corp
305,MHW Ltd
35,"Bacardi U.S.A., Inc."
434,Luxco-St Louis
380,Phillips Beverage Company
260,Diageo Americas
322,Prestige Wine and Spirits Group
410,The Patron Spirits Company
395,Proximo
284,Charles Jacquin/Independent Spirits
259,Heaven Hill Brands
971,"Hood River Distillers, Inc."
370,Pernod Ricard USA/Austin Nichols
55,Sazerac North America
85,Brown-Forman Corporation
297,Laird And Company
115,"Constellation Wine Company, Inc."
192,Sidney Frank Importing Co.
125,"Cedar Ridge Vineyards,LLC"
205,E AND J GALLO WINERY
240,"WILLIAM GRANT AND SONS, INC."
421,"Sazerac Co., Inc."
330,Gemini Spirits
301,Fifth Generation Inc.
389,REMY COINTREAU USA         .
420,"Moet Hennessy USA, Inc."
451,Serralles USA
478,Trinchero Family Estates
300,Mccormick Distilling Company
267,"Imperial Brands, Inc."
390,Quadro Group LLC
461,Campari(skyy)
492,Western Spirits Beverage Co. LLC
277,Stoli Group
885,"Yahara Bay Distillers, Inc"
308,"Mango Bottling, Inc."
384,Piedmont Distillers
306,Mississippi River Distilling Co.
357,"Palm Bay Imports, Inc."
346,"Ole Smoky Distillery, LLC"
294,Jesse James Distilling Company
978,"W. J. Deutsch And Sons, Ltd."
111,Better Brands Bev Co
969,Aveniu Brands
91,Castle Brands
107,Blaum Bros. Distilling Co.
239,"Russian Standard Vodka, USA"
460,Shaw Ross International Importers LL
154,Iowa Distilling Company
375,Park Street Imports-Berentzen
184,Four Roses Distillery
803,LEVECKE CORP
394,Black Rock Spirits
418,Gunsandmore.info
229,Dehner Distillery
100,Aiko Importers Inc
198,Frank-lin Distillers Products Ltd.
495,"M.S. Walker, Inc."
110,3 Badge Mixology
246,Louisville Distilling Co
315,Patriarch Distillers
365,Park Street Imports-Voli
112,American Vintage Beverage
121,Cooperspiritsinternational
190,Firestarter Spirits Inc.
977,"Werner Distilling, LLC"
285,"Charles Jacquin Et. Cie., Inc."
459,Surville Enterprises Corp
207,Paradise Distilling Company
166,Swiss Cellars
369,Park Street Imports- Caballeros
338,Niche Import Co.
206,Panther Distillery
350,Luxco-Cleveland
381,Windy Hill Spirits
10,"A Hardy / U.S.A., Ltd."
86,Broadbent Distillery
391,Anchor Distilling (PREISS IMPORTS)
497,"WILDMAN AND SONS, F."
469,"TY KU, LLC"
312,"Klin Spirits, LLC"
160,Drinks Americas
295,Kobrand Corporation
250,Homestead American Whiskey
208,Prost Beverage Company
293,"Jinro America, Inc"
413,Santa Fe Tequila Company
116,Bad Bear Enterprises
109,Casa 1921 LLC
185,"Evaton, Inc."
203,Honey Creek Distillery
136,High West Distillery
377,Park Street Imports-Veev
224,Ste. Michelle Wine Estates
483,The Wine Group
268,Impex Beverages Inc
80,Boston Beer Company
399,Rogue Ales and Spirits
452,"Speakeasy Spirits, LLC"
211,Lapham Import Co
496,Willett Distillery
209,Minhas Micro Distillery
195,Swell Liquor LLC
446,Stephen Augustus Imports
359,Park Street Imports-Duke Spirits
313,Vision Wine and Spirits
270,"International Beverage Co., Inc."
128,Clear Creek Distillery
379,Square One Organic Spirits
89,Temperance Distiling Company
226,"maDIKwe USA, Inc."
367,Park Street Imports-House Spirits
104,"ASDSpirits, LLC"
287,"Chatham Imports,inc"
122,Cooper's Chase Distillery
33,Bmc Imports
373,Prairie Creek Beverages LLC
101,Artisan Grain Distillery
503,"Whyte and Machay(Americas) Limited,L"
298,"White Rock Distilleries, Inc."
310,Marsalle Company/Stoller Warehouse
158,Dry Fly Distilling
288,Kindred Spirits Of North America
374,Park Street Imports-Few Spirits
164,45th Parallel Spirits
363,"Paterno Imports, Ltd."
465,Stanley Stawski Distributing Co.
415,Koloa Rum Company
61,"Biagio Cru And Estate Wines, LLC"
79,Breckenridge Distillery
347,"North Shore Distillery, LLC."
90,"Carriage House Imports, Ltd."
361,Park Street Imports-Sweet Revenge
477,Total Beverage Solutions
204,Hillrock Estate Distillery LLC
114,Aha Toro Spirits Inc
432,Seashore Marketing Group
501,"Winebow, Inc."
311,Modern Spirits
447,Stern Beverage
127,Classic Wine Imports
376,Sage Beverages
987,"Stellar Importing Company, LLC"
197,National Brokers
463,The Country Vintner
411,"San Luis Spirits, Inc."
194,Fire Tail Brands Llc
163,Marsalle Company
343,Pacific Edge Wine & Spirits
143,Dakota Spirits Distillery
307,Liquor Group Wholesale
108,CVI Brands
487,Wine Intelligence
504,Woody Creek Distillers
187,Koval Distillery